{"nodes":{"node:1":{"location":{"x":-470,"y":108}},"node:11":{"location":{"x":-420,"y":-332}},"node:16":{"location":{"x":-436,"y":-548}},"node:20":{"location":{"x":136,"y":-448}},"node:24":{"location":{"x":-8,"y":-556}},"node:5":{"location":{"x":-392,"y":-132}},"node:7":{"location":{"x":-440,"y":-20}},"node:9":{"location":{"x":7,"y":-308}}},"selection":null,"view":{"scroll":{"x":-1.99762141704559326,"y":-640.9991455078125},"visible_rect":{"max":{"x":1431090.375,"y":458120256},"min":{"x":-1427690.5,"y":-458119040}},"zoom":1.39919779940100852e-06}}