{"nodes":{"node:1":{"location":{"x":-470,"y":108}},"node:11":{"location":{"x":-696,"y":-356}},"node:16":{"location":{"x":-436,"y":-548}},"node:20":{"location":{"x":-152,"y":-372}},"node:24":{"location":{"x":200,"y":-548}},"node:5":{"location":{"x":-392,"y":-132}},"node:7":{"location":{"x":-440,"y":-20}},"node:9":{"location":{"x":-153,"y":-116}}},"selection":null,"view":{"scroll":{"x":-1079.0804443359375,"y":-927.94964599609375},"visible_rect":{"max":{"x":805.53570556640625,"y":283.24029541015625},"min":{"x":-863.264404296875,"y":-742.35980224609375}},"zoom":1.24999988079071045}}